employee_id,department,role,seniority_years,total_weekly_hours,overtime_hours,daily_meeting_volume,days_since_last_vacation,sick_leave_days_6m,self_reported_stress,motivation_level,burnout_risk
E0001,Operations,Junior,1.4,48.5,7.4,1.5,62,1,3,5,Low
E0002,Sales,Mid,1.1,43.4,14.8,2.5,198,0,5,3,High
E0003,Operations,Junior,2.1,41.3,3.8,2.7,291,1,3,3,Medium
E0004,Operations,Junior,2.0,44.0,7.7,1.7,262,4,4,3,Medium
E0005,IT,Senior,2.9,49.6,11.8,2.2,98,0,4,3,Medium
E0006,Marketing,Mid,5.0,45.7,5.5,1.6,62,5,2,3,Low
E0007,Operations,Manager,3.3,54.8,14.5,2.9,94,2,5,2,High
E0008,Operations,Mid,6.1,46.1,10.6,1.0,98,0,4,3,Low
E0009,IT,Senior,2.7,50.9,11.8,1.9,93,3,4,3,Medium
E0010,HR,Mid,10.4,43.0,3.5,3.3,96,2,4,4,Low
E0011,Sales,Senior,6.0,41.0,8.1,2.8,177,2,3,2,Medium
E0012,Marketing,Senior,4.1,47.3,2.5,3.1,93,1,3,3,Low
E0013,Finance,Mid,5.0,38.3,3.8,0.1,116,0,3,5,Low
E0014,Operations,Manager,2.2,48.1,9.0,3.8,51,1,4,4,Low
E0015,Sales,Mid,2.9,43.5,3.5,2.4,72,2,3,3,Low
E0016,IT,Junior,2.8,48.4,9.8,1.3,85,1,4,4,Medium
E0017,Finance,Senior,1.8,48.9,13.3,2.6,76,6,3,4,Medium
E0018,IT,Lead,1.0,48.9,8.4,2.6,95,4,4,4,Medium
E0019,Operations,Junior,5.2,41.1,7.6,0.0,56,1,3,2,Low
E0020,Finance,Mid,6.8,41.7,2.9,2.8,89,1,3,5,Low
E0021,Operations,Lead,4.7,45.4,9.3,3.2,139,2,5,2,High
E0022,Sales,Senior,3.3,43.0,6.7,2.7,247,5,4,3,High
E0023,Marketing,Manager,13.6,51.4,12.9,2.5,86,1,3,2,Medium
E0024,Marketing,Mid,2.0,45.8,3.8,0.9,117,2,3,3,Low
E0025,Operations,Senior,4.2,49.1,13.0,2.7,118,5,4,3,Medium
E0026,IT,Mid,7.5,48.4,8.0,3.4,58,3,4,2,Medium
E0027,HR,Manager,1.3,44.5,5.9,3.5,243,1,5,3,High
E0028,IT,Mid,5.5,40.1,4.0,1.0,124,3,3,4,Low
E0029,IT,Senior,10.9,48.2,11.5,2.7,171,5,5,2,High
E0030,Finance,Mid,3.5,47.3,10.6,2.1,271,6,5,1,High
E0031,Operations,Senior,3.9,45.7,10.1,3.2,115,2,4,3,Medium
E0032,Marketing,Senior,2.0,54.7,17.0,3.0,120,6,5,2,High
E0033,Sales,Mid,5.0,51.4,13.7,0.2,103,4,4,2,High
E0034,Sales,Lead,1.8,42.8,9.8,3.9,66,2,4,3,Medium
E0035,HR,Mid,3.3,37.2,3.2,1.3,196,1,3,4,Low
E0036,IT,Senior,0.8,50.9,12.4,1.4,311,5,5,2,High
E0037,IT,Mid,0.1,41.6,5.6,1.9,132,2,3,3,Low
E0038,HR,Mid,2.4,48.0,9.2,2.4,176,5,3,2,Medium
E0039,IT,Mid,2.3,50.4,10.4,0.8,206,5,4,3,Medium
E0040,Finance,Junior,2.5,41.4,7.0,2.3,278,4,3,2,Medium
E0041,Sales,Junior,5.9,43.2,9.7,2.8,316,7,4,2,High
E0042,Operations,Senior,7.0,57.6,15.9,2.5,71,2,4,4,Medium
E0043,Operations,Senior,4.4,48.5,9.7,1.8,97,2,3,3,Low
E0044,Sales,Senior,5.6,45.6,9.0,2.2,130,3,4,2,Medium
E0045,Operations,Junior,1.8,46.9,12.5,2.5,98,1,4,3,Low
E0046,Operations,Mid,1.4,47.3,11.4,0.9,117,4,4,3,Medium
E0047,Sales,Junior,5.0,40.6,5.7,3.0,149,0,3,3,Low
E0048,Sales,Senior,1.3,49.9,9.5,2.8,47,2,3,4,Low
E0049,Finance,Lead,1.1,46.0,10.8,2.9,174,5,5,3,High
E0050,IT,Mid,18.4,51.3,10.4,0.7,207,4,4,3,Medium
E0051,IT,Senior,3.6,42.5,5.1,2.4,123,2,4,4,Low
E0052,IT,Junior,2.3,37.8,1.8,2.2,20,4,3,5,Low
E0053,Operations,Mid,2.1,41.5,4.0,1.0,95,2,3,5,Low
E0054,Finance,Junior,0.9,33.3,2.1,2.1,129,2,2,4,Low
E0055,Operations,Mid,4.3,43.2,4.9,2.2,196,3,3,3,Low
E0056,Operations,Senior,2.7,48.4,11.5,2.0,205,2,4,2,High
E0057,HR,Manager,6.8,48.4,7.8,4.0,120,2,4,4,Medium
E0058,Finance,Junior,5.1,39.4,6.8,0.0,96,0,2,4,Low
E0059,IT,Senior,2.7,47.6,5.6,2.8,120,2,4,3,Low
E0060,IT,Senior,0.4,49.1,8.7,3.8,60,1,5,3,Medium
E0061,Finance,Manager,3.7,54.2,13.3,4.5,117,2,5,2,High
E0062,HR,Senior,3.4,46.2,8.4,2.8,233,3,4,3,High
E0063,Finance,Mid,0.3,45.9,4.1,1.9,108,2,2,4,Low
E0064,Operations,Senior,4.7,43.0,9.6,2.0,163,2,5,3,Medium
E0065,Finance,Mid,1.2,54.6,15.8,1.9,78,4,5,2,High
E0066,Finance,Manager,7.1,46.1,10.9,3.7,209,3,5,2,High
E0067,Finance,Mid,3.2,38.0,4.2,1.5,107,1,4,3,Low
E0068,Sales,Senior,2.1,43.3,8.8,3.6,157,0,4,2,Medium
E0069,IT,Junior,4.1,46.4,8.4,3.4,160,4,4,3,High
E0070,Sales,Mid,3.9,43.1,7.4,2.5,196,3,5,2,Medium
E0071,IT,Lead,3.8,50.4,11.9,1.9,150,4,5,3,High
E0072,Sales,Senior,6.4,37.1,3.7,1.9,105,3,2,4,Low
E0073,Operations,Mid,4.2,36.1,3.6,2.7,58,1,3,4,Low
E0074,IT,Manager,1.9,53.8,12.4,3.3,97,1,4,4,Medium
E0075,IT,Lead,2.8,51.5,11.3,3.7,148,4,5,2,High
E0076,Sales,Mid,8.8,41.0,5.7,2.1,140,2,4,3,Medium
E0077,Sales,Senior,1.8,46.7,8.8,3.6,157,2,3,3,Medium
E0078,Finance,Mid,4.7,48.5,7.2,2.0,80,3,3,4,Low
E0079,Finance,Senior,6.6,50.7,12.1,1.9,102,1,4,3,Medium
E0080,Operations,Mid,5.0,45.8,7.1,1.8,134,3,4,3,Medium
E0081,Finance,Mid,3.7,49.8,8.6,1.1,105,5,4,2,Medium
E0082,Sales,Manager,4.1,45.3,9.8,5.3,377,3,5,2,High
E0083,Operations,Manager,5.2,50.9,13.8,3.2,127,4,5,3,High
E0084,IT,Lead,1.7,50.5,13.5,3.5,165,1,5,1,High
E0085,IT,Manager,3.4,52.2,16.5,2.9,212,4,5,3,High
E0086,IT,Senior,13.5,49.3,13.4,1.7,214,2,5,3,Medium
E0087,Operations,Senior,4.8,49.1,11.4,2.3,116,5,5,2,High
E0088,HR,Senior,3.8,44.2,5.6,3.4,161,5,4,3,Medium
E0089,IT,Mid,2.6,44.6,10.0,1.7,163,2,4,4,Medium
E0090,HR,Mid,1.8,49.1,8.8,1.4,176,2,4,4,Low
E0091,IT,Mid,4.2,41.8,6.4,2.2,127,3,3,3,Low
E0092,Operations,Senior,4.4,44.2,6.5,2.9,187,3,5,3,Medium
E0093,Sales,Mid,3.2,45.7,8.7,3.9,148,4,4,3,High
E0094,Sales,Mid,17.1,48.5,9.7,2.8,79,3,4,3,Medium
E0095,Sales,Senior,1.9,38.2,6.2,3.5,129,1,4,3,Medium
E0096,Finance,Mid,1.5,47.7,6.7,2.7,141,3,3,3,Medium
E0097,Sales,Junior,2.6,42.9,6.6,1.2,180,5,3,4,Medium
E0098,IT,Lead,3.3,45.7,3.1,2.2,117,2,3,4,Low
E0099,IT,Lead,1.7,47.2,11.1,2.1,294,5,5,1,High
E0100,Marketing,Junior,4.1,43.4,4.9,0.6,114,4,3,3,Low
E0101,Marketing,Junior,4.5,49.3,4.9,2.3,87,1,3,4,Low
E0102,Operations,Mid,5.7,49.5,13.2,2.3,250,4,5,2,High
E0103,Sales,Lead,2.3,48.2,6.1,3.5,110,3,4,4,Medium
E0104,Marketing,Lead,8.3,44.7,6.2,0.9,123,1,4,3,Medium
E0105,Operations,Junior,5.4,40.7,0.0,3.3,124,3,3,4,Low
E0106,Operations,Senior,1.9,45.5,7.1,1.8,136,2,3,3,Low
E0107,Sales,Junior,1.7,46.5,5.4,3.8,158,0,4,4,Low
E0108,Sales,Mid,2.7,42.4,6.0,1.4,169,6,3,3,Medium
E0109,IT,Manager,4.5,50.8,17.4,2.7,119,5,5,3,High
E0110,Marketing,Junior,5.0,44.9,8.9,0.0,84,2,3,3,Low
E0111,HR,Junior,5.4,42.9,3.8,2.0,63,1,2,5,Low
E0112,IT,Mid,13.0,45.0,7.5,1.2,225,6,4,3,High
E0113,Sales,Senior,0.6,52.8,13.6,2.1,127,3,4,3,Medium
E0114,Finance,Manager,3.2,52.4,10.9,2.2,191,3,4,3,High
E0115,IT,Manager,12.3,44.5,9.7,3.9,174,3,5,3,Medium
E0116,Operations,Junior,5.9,37.3,0.0,2.3,106,3,3,5,Low
E0117,Operations,Junior,1.4,39.0,4.7,3.1,70,5,3,4,Low
E0118,Operations,Lead,4.0,56.7,13.5,2.5,198,3,5,3,High
E0119,Sales,Mid,3.0,54.4,17.1,2.7,165,4,5,2,High
E0120,Finance,Lead,2.9,49.3,10.2,2.0,67,3,3,3,Medium
E0121,Finance,Senior,2.2,39.9,5.4,2.2,92,1,3,4,Low
E0122,Finance,Junior,3.8,40.6,1.3,1.3,37,3,2,5,Low
E0123,IT,Lead,7.3,52.7,14.2,3.4,121,2,5,2,High
E0124,Sales,Junior,2.4,38.7,0.0,3.0,109,0,3,4,Low
E0125,IT,Mid,5.4,51.9,11.2,2.9,128,1,4,2,High
E0126,HR,Senior,6.1,54.1,9.3,1.8,118,5,4,3,Medium
E0127,Sales,Mid,8.3,44.6,9.7,3.3,145,1,5,3,Medium
E0128,IT,Senior,1.6,44.3,9.6,2.5,170,6,4,3,High
E0129,IT,Senior,3.5,47.4,12.8,2.2,203,6,5,3,High
E0130,Finance,Manager,2.0,53.9,11.7,2.7,219,2,5,2,High
E0131,IT,Manager,3.8,50.7,9.9,2.9,90,5,4,4,Medium
E0132,Marketing,Mid,3.7,50.5,13.9,3.5,238,2,5,1,High
E0133,Finance,Junior,1.3,43.4,4.6,1.9,119,5,3,4,Low
E0134,Sales,Senior,3.9,47.4,12.6,3.1,113,2,5,3,Medium
E0135,Finance,Manager,13.4,43.2,1.3,3.1,57,1,3,3,Low
E0136,IT,Mid,5.0,49.9,14.1,4.1,56,2,4,4,Medium
E0137,Marketing,Mid,1.0,48.9,12.4,3.1,174,2,4,3,Medium
E0138,HR,Mid,1.5,45.1,4.6,1.5,146,0,3,3,Low
E0139,Operations,Junior,3.4,46.1,8.7,1.5,102,4,3,3,Medium
E0140,IT,Senior,1.6,49.2,12.7,2.3,111,3,5,2,High
E0141,HR,Mid,8.0,41.1,1.9,2.2,102,3,3,5,Low
E0142,HR,Lead,0.9,49.8,9.7,2.4,108,3,4,3,Medium
E0143,Marketing,Lead,5.0,49.6,6.3,3.4,77,2,4,3,Medium
E0144,Finance,Lead,0.7,47.5,7.6,4.2,59,5,4,4,Medium
E0145,HR,Mid,3.4,49.3,9.0,1.0,221,1,4,2,High
E0146,Sales,Mid,1.4,48.7,11.9,1.6,108,2,4,2,Medium
E0147,Sales,Senior,5.7,42.9,6.7,2.6,151,6,5,4,High
E0148,HR,Lead,7.1,45.2,4.6,2.7,153,3,3,4,Medium
E0149,Sales,Mid,4.5,44.4,5.4,4.1,148,1,4,3,Medium
E0150,IT,Lead,7.3,47.5,14.9,3.8,198,3,5,2,High
E0151,Operations,Junior,0.2,40.6,2.5,2.5,139,1,4,4,Low
E0152,Marketing,Lead,3.9,48.2,10.9,2.8,104,2,4,3,Medium
E0153,IT,Junior,5.0,47.0,11.0,1.5,116,4,4,2,Medium
E0154,Finance,Junior,5.4,48.5,5.6,0.5,208,2,3,3,Low
E0155,IT,Mid,4.8,51.6,13.0,2.7,119,4,4,2,High
E0156,Finance,Junior,5.5,47.6,4.8,2.1,121,3,3,3,Low
E0157,Sales,Junior,3.9,45.3,6.1,3.2,158,2,3,4,Low
E0158,Finance,Junior,1.1,41.5,2.1,1.5,235,1,3,4,Low
E0159,Operations,Mid,2.2,46.2,11.6,2.0,213,3,3,2,Medium
E0160,Operations,Senior,8.0,44.4,5.9,2.6,77,1,4,3,Low
E0161,IT,Junior,7.4,47.2,9.4,2.4,150,3,5,3,Medium
E0162,Marketing,Senior,4.9,41.7,7.7,1.3,141,2,3,5,Low
E0163,IT,Lead,5.8,44.3,7.8,3.6,109,3,5,3,Medium
E0164,IT,Junior,6.8,43.1,5.6,1.7,122,0,3,4,Low
E0165,Finance,Junior,4.9,50.2,11.5,0.9,97,3,5,3,Medium
E0166,Sales,Lead,7.9,50.6,11.8,1.8,118,2,4,3,Medium
E0167,Operations,Lead,7.7,43.1,6.5,2.9,98,1,2,3,Low
E0168,Operations,Mid,16.1,48.0,8.7,3.3,141,4,4,4,Medium
E0169,Sales,Lead,2.3,47.5,10.4,4.8,106,1,5,3,Medium
E0170,Marketing,Junior,2.3,46.7,19.3,2.0,302,3,5,2,High
E0171,Sales,Mid,4.6,45.5,9.1,4.1,145,2,4,3,Medium
E0172,HR,Senior,11.8,46.4,4.5,2.5,115,3,3,4,Low
E0173,IT,Mid,8.3,46.5,14.7,2.9,132,4,5,3,High
E0174,Marketing,Senior,6.3,40.3,0.6,2.1,87,2,3,5,Low
E0175,IT,Mid,8.7,52.0,9.4,1.7,75,4,5,5,Low
E0176,IT,Senior,5.0,52.4,18.5,2.0,220,6,5,2,High
E0177,Sales,Mid,2.8,45.7,7.5,0.9,237,2,4,3,Medium
E0178,Marketing,Mid,13.7,35.6,0.0,3.1,76,0,3,5,Low
E0179,Marketing,Junior,4.8,47.6,3.9,1.2,200,0,3,4,Low
E0180,Operations,Junior,7.6,49.3,12.3,1.1,388,5,5,3,High
E0181,Marketing,Senior,0.2,47.4,9.5,1.6,311,4,5,2,High
E0182,Marketing,Junior,0.3,45.3,2.1,1.5,215,1,3,4,Low
E0183,HR,Junior,4.0,42.1,0.8,3.1,53,4,3,4,Low
E0184,Sales,Junior,1.6,40.8,4.8,3.8,69,3,3,4,Low
E0185,Operations,Junior,4.3,44.0,7.9,0.4,170,1,4,3,Medium
E0186,Finance,Lead,2.3,53.6,15.4,2.7,162,6,5,2,High
E0187,Sales,Mid,17.6,47.6,12.2,1.7,56,1,4,2,Medium
E0188,IT,Manager,7.2,45.3,14.8,4.1,135,3,5,3,High
E0189,Operations,Junior,9.2,40.3,1.2,1.9,149,0,3,4,Low
E0190,Sales,Senior,0.4,38.5,4.2,2.4,107,1,3,4,Low
E0191,Marketing,Mid,6.2,51.4,8.6,2.2,139,8,4,4,Medium
E0192,IT,Mid,3.0,43.0,3.6,1.7,61,2,2,4,Low
E0193,IT,Lead,9.4,45.9,11.1,4.3,108,4,5,3,High
E0194,Operations,Manager,5.6,47.8,12.7,3.7,184,4,5,2,High
E0195,IT,Lead,3.4,39.9,7.4,3.5,105,3,3,3,Medium
E0196,IT,Junior,1.2,39.4,3.9,0.0,213,1,4,5,Low
E0197,Finance,Junior,3.9,47.1,5.6,1.6,120,4,3,3,Medium
E0198,Operations,Senior,7.9,55.2,11.0,4.2,165,8,5,2,High
E0199,IT,Mid,9.7,52.5,13.2,3.2,188,8,5,3,High
E0200,Sales,Senior,2.6,49.0,11.9,1.5,176,2,3,2,Medium
E0201,Operations,Senior,15.8,45.8,9.3,2.2,96,3,4,2,Medium
E0202,Marketing,Senior,7.5,40.7,5.0,1.5,78,3,3,3,Low
E0203,HR,Lead,1.6,48.3,3.2,4.4,33,3,3,3,Low
E0204,IT,Senior,1.3,45.9,8.5,2.7,117,2,4,2,Medium
E0205,IT,Junior,3.2,53.7,9.6,1.1,87,2,3,3,Medium
E0206,IT,Junior,2.6,51.3,9.3,1.7,110,2,4,3,Low
E0207,IT,Senior,5.1,36.0,2.1,0.4,96,0,3,5,Low
E0208,Finance,Mid,3.6,40.7,3.9,1.2,125,2,3,4,Low
E0209,IT,Mid,2.8,48.8,13.8,2.1,145,6,4,3,Medium
E0210,HR,Mid,0.8,43.2,4.8,2.8,113,4,3,3,Low
E0211,Operations,Senior,5.7,42.0,3.3,0.9,135,2,4,4,Low
E0212,Finance,Lead,0.7,64.4,19.4,2.7,151,6,5,3,High
E0213,IT,Senior,7.5,44.8,10.4,3.3,203,6,4,3,High
E0214,Operations,Mid,0.4,47.6,9.0,0.9,126,2,2,3,Low
E0215,Operations,Mid,0.7,48.8,9.1,2.3,257,6,4,2,High
E0216,Operations,Mid,1.6,44.4,6.0,2.2,76,0,3,4,Low
E0217,IT,Mid,2.4,44.8,6.1,3.5,102,4,4,4,Medium
E0218,IT,Senior,2.0,51.9,19.0,2.3,106,9,5,2,High
E0219,Marketing,Senior,2.4,49.7,12.0,2.4,144,5,5,2,High
E0220,Sales,Junior,4.3,49.5,10.3,2.8,86,2,4,3,Medium
E0221,Sales,Junior,1.6,48.1,9.3,1.1,58,3,3,3,Medium
E0222,HR,Junior,4.3,41.2,0.0,1.5,61,1,3,4,Low
E0223,Finance,Lead,0.2,56.1,15.1,2.6,75,2,5,3,High
E0224,Marketing,Senior,1.6,46.1,4.6,2.4,110,2,3,4,Low
E0225,Sales,Junior,0.6,46.4,8.1,2.8,148,1,4,4,Low
E0226,Marketing,Lead,7.5,38.4,2.9,3.4,42,2,2,4,Low
E0227,IT,Mid,1.8,38.4,0.8,1.5,85,1,2,4,Low
E0228,Finance,Mid,5.5,45.6,8.3,2.2,202,3,4,3,Medium
E0229,Finance,Manager,0.5,46.7,7.8,4.5,233,2,5,3,High
E0230,IT,Junior,9.6,38.1,0.0,1.0,156,1,2,4,Low
E0231,IT,Junior,3.8,45.1,10.2,1.8,45,3,3,4,Low
E0232,Sales,Senior,3.5,50.7,18.0,2.8,160,7,5,3,High
E0233,Marketing,Junior,0.8,43.6,11.1,1.6,221,3,4,3,Medium
E0234,Finance,Senior,1.4,44.9,7.5,1.2,104,1,3,4,Low
E0235,Marketing,Junior,2.9,39.6,5.5,2.8,53,1,4,3,Low
E0236,Operations,Junior,1.5,44.8,10.1,1.1,213,2,4,3,Medium
E0237,HR,Junior,7.0,44.9,8.0,2.5,224,4,4,2,High
E0238,Operations,Mid,3.7,40.5,6.1,1.6,118,2,3,4,Low
E0239,IT,Junior,1.5,47.3,8.1,1.2,75,2,3,3,Low
E0240,IT,Junior,6.2,49.3,9.2,2.7,66,3,4,4,Medium
E0241,Operations,Lead,2.6,48.3,12.7,3.8,152,4,5,2,High
E0242,Operations,Mid,6.0,43.9,7.0,2.3,99,1,3,4,Low
E0243,IT,Mid,2.2,48.1,8.5,2.7,117,3,4,4,Medium
E0244,HR,Junior,5.2,44.7,9.0,1.5,125,0,4,4,Low
E0245,Finance,Mid,2.5,46.8,11.8,2.1,96,2,5,3,Medium
E0246,Operations,Mid,7.0,50.8,9.4,1.6,57,4,3,4,Low
E0247,Finance,Senior,0.5,54.8,15.4,3.2,121,3,5,2,High
E0248,Sales,Junior,1.1,45.8,5.5,1.6,127,2,4,4,Low
E0249,Sales,Lead,3.1,56.6,17.5,4.6,168,2,5,3,High
E0250,Sales,Manager,1.9,45.2,14.2,3.5,102,0,5,3,Medium
E0251,Finance,Junior,2.4,59.2,19.1,1.7,253,2,5,1,High
E0252,Operations,Junior,5.6,42.1,1.7,2.3,55,0,3,4,Low
E0253,HR,Junior,2.4,43.1,0.7,1.7,16,0,1,5,Low
E0254,IT,Senior,4.5,50.7,12.2,2.3,205,2,4,2,High
E0255,IT,Junior,1.6,47.5,9.6,1.7,132,3,4,2,High
E0256,Operations,Lead,0.4,53.7,18.3,3.7,130,2,5,3,High
E0257,Operations,Senior,6.0,45.8,6.3,2.0,153,3,4,3,Medium
E0258,IT,Lead,11.1,51.4,15.6,2.9,137,3,4,1,High
E0259,IT,Mid,4.1,53.3,13.6,2.1,95,6,4,3,Medium
E0260,Finance,Manager,3.2,46.1,13.8,4.0,72,3,4,2,High
E0261,IT,Junior,3.8,41.3,4.2,1.6,99,2,4,4,Low
E0262,Operations,Mid,8.7,56.4,13.1,3.5,112,3,4,2,High
E0263,Sales,Mid,4.2,48.2,12.9,2.4,216,2,5,2,High
E0264,IT,Manager,6.2,51.4,15.4,3.1,123,4,5,2,High
E0265,Marketing,Senior,6.0,44.1,8.8,2.4,94,1,4,4,Low
E0266,IT,Lead,7.4,51.1,12.9,1.9,103,2,5,3,Medium
E0267,Sales,Junior,3.2,42.8,6.7,1.3,77,1,3,4,Low
E0268,IT,Manager,2.2,51.7,15.6,2.9,113,1,4,2,High
E0269,IT,Mid,5.2,49.5,9.1,3.0,61,3,4,5,Low
E0270,IT,Mid,7.0,42.0,5.6,2.1,131,3,3,2,Medium
E0271,IT,Manager,7.9,49.1,8.8,2.9,120,1,4,2,Medium
E0272,IT,Mid,9.5,46.9,6.0,3.1,107,4,3,4,Medium
E0273,IT,Mid,6.6,50.8,9.9,3.3,62,1,5,4,Low
E0274,Finance,Senior,2.1,46.8,8.4,3.5,151,1,4,3,Medium
E0275,Finance,Junior,4.1,54.9,6.9,1.0,159,1,3,4,Medium
E0276,Sales,Mid,3.8,50.9,10.0,2.2,273,3,4,3,High
E0277,Sales,Junior,3.5,44.2,4.5,3.6,146,1,5,4,Low
E0278,HR,Junior,5.2,44.6,9.4,1.9,275,6,5,2,High
E0279,Operations,Lead,2.9,46.9,9.4,2.8,97,1,4,4,Low
E0280,Operations,Senior,3.0,49.8,7.3,3.1,256,4,4,3,High
E0281,IT,Mid,11.5,53.6,10.9,2.9,159,3,4,4,Medium
E0282,IT,Mid,3.3,45.3,1.7,1.6,127,2,2,5,Low
E0283,IT,Mid,7.3,46.6,5.8,2.3,107,1,3,4,Low
E0284,IT,Senior,7.6,47.5,14.4,3.2,128,2,5,2,Medium
E0285,Finance,Manager,4.2,44.3,4.1,2.4,78,1,3,5,Low
E0286,Sales,Manager,3.0,49.3,16.5,3.8,279,3,5,1,High
E0287,IT,Mid,1.6,47.3,15.0,1.2,138,3,4,3,High
E0288,Sales,Mid,0.7,45.5,6.5,1.8,153,1,3,3,Medium
E0289,HR,Mid,5.5,45.7,5.7,1.6,172,2,4,3,Medium
E0290,IT,Senior,4.7,54.5,15.0,2.9,182,1,4,3,Medium
E0291,Operations,Mid,6.1,45.6,5.6,1.8,136,1,4,4,Low
E0292,IT,Senior,2.3,52.6,14.0,2.0,259,2,5,2,High
E0293,Marketing,Senior,12.3,40.9,5.3,2.5,138,2,3,3,Low
E0294,IT,Mid,5.0,45.0,7.1,1.2,89,4,3,3,Medium
E0295,Operations,Mid,3.2,38.5,4.3,2.4,91,2,4,3,Low
E0296,Marketing,Mid,0.3,40.0,7.9,3.0,59,1,3,4,Low
E0297,Marketing,Junior,2.6,50.0,10.1,1.6,149,6,4,3,Medium
E0298,Operations,Junior,6.3,42.0,5.8,1.5,157,5,3,4,Low
E0299,Operations,Senior,9.3,45.3,3.9,2.8,156,1,2,4,Low
E0300,Finance,Mid,3.6,45.0,2.7,0.5,141,1,3,3,Low
E0301,Operations,Junior,10.3,44.3,8.1,2.1,113,2,3,4,Low
E0302,IT,Senior,1.5,55.9,17.9,5.0,165,1,5,2,High
E0303,HR,Senior,4.8,43.7,7.6,2.4,122,1,4,3,Low
E0304,HR,Mid,4.9,36.4,3.0,2.0,179,2,4,3,Medium
E0305,Operations,Lead,5.5,51.0,13.6,3.6,54,3,4,2,High
E0306,HR,Manager,4.0,44.2,7.5,4.6,97,2,5,5,Medium
E0307,Sales,Senior,4.6,44.7,8.0,3.7,71,5,4,3,Medium
E0308,Finance,Senior,1.5,49.3,4.7,0.8,291,1,3,2,Medium
E0309,Sales,Junior,8.7,45.3,12.6,2.6,232,3,4,3,High
E0310,IT,Manager,6.8,42.9,2.8,5.4,83,1,5,5,Medium
E0311,HR,Mid,4.5,42.8,7.7,2.6,69,1,3,4,Low
E0312,Sales,Manager,6.9,50.5,10.1,2.8,79,3,5,3,Medium
E0313,IT,Senior,8.9,47.7,8.9,2.7,197,2,5,2,High
E0314,Sales,Junior,5.5,52.0,13.8,1.1,68,1,3,2,Low
E0315,Sales,Junior,13.2,40.0,4.1,3.1,115,1,4,5,Low
E0316,Sales,Senior,5.8,42.8,6.8,2.2,175,1,5,3,Medium
E0317,Sales,Senior,1.7,49.7,9.0,3.0,68,2,5,2,High
E0318,Finance,Junior,4.3,51.1,7.7,1.0,124,4,3,3,Medium
E0319,Sales,Senior,7.1,47.3,7.7,2.5,94,3,3,3,Medium
E0320,Marketing,Lead,8.9,39.4,3.2,4.2,79,1,3,4,Low
E0321,Marketing,Mid,4.1,43.0,3.0,2.2,72,1,3,3,Low
E0322,HR,Mid,1.6,54.7,9.6,1.7,193,2,5,2,High
E0323,Sales,Junior,3.0,45.8,7.3,1.2,235,3,4,4,Medium
E0324,HR,Lead,1.0,51.5,9.3,1.5,119,2,3,3,Low
E0325,Operations,Mid,6.2,42.6,6.5,1.1,139,2,4,4,Medium
E0326,Finance,Lead,2.5,45.4,7.4,3.1,126,2,4,3,Medium
E0327,Operations,Mid,2.0,53.0,14.2,2.9,70,2,4,3,Medium
E0328,HR,Senior,6.7,45.0,5.2,2.1,97,5,3,3,Low
E0329,Finance,Mid,10.2,41.5,5.2,3.4,41,0,4,4,Low
E0330,Sales,Junior,2.0,46.4,11.4,1.6,108,3,4,4,Low
E0331,Operations,Senior,4.1,47.5,6.1,2.3,115,1,3,4,Low
E0332,IT,Mid,3.1,48.5,6.6,1.2,168,3,3,2,Medium
E0333,Operations,Mid,9.2,50.2,7.5,2.9,139,1,4,3,Medium
E0334,Operations,Manager,3.4,54.3,11.5,5.0,198,2,4,3,High
E0335,IT,Manager,1.4,51.4,14.0,1.9,97,7,4,4,High
E0336,Finance,Lead,3.5,53.7,18.4,2.7,240,2,5,3,High
E0337,IT,Junior,7.9,51.2,9.3,2.7,241,3,4,2,High
E0338,Operations,Senior,3.0,41.6,0.0,1.3,24,1,2,5,Low
E0339,IT,Lead,2.1,47.5,13.3,3.5,65,0,4,3,Medium
E0340,Marketing,Mid,3.3,41.9,6.7,3.1,117,4,4,4,Medium
E0341,IT,Junior,1.5,47.7,8.2,1.8,99,3,3,4,Low
E0342,Marketing,Lead,3.1,47.6,10.5,3.4,110,1,3,2,Medium
E0343,Operations,Mid,2.3,45.5,7.4,3.5,136,0,3,4,Low
E0344,Finance,Senior,14.8,49.5,8.3,4.1,190,1,5,4,Medium
E0345,Operations,Manager,0.5,53.3,14.0,3.3,103,4,4,3,High
E0346,Operations,Senior,1.7,49.1,6.8,2.1,195,2,4,3,Medium
E0347,Marketing,Mid,2.1,35.9,2.7,1.4,73,1,4,3,Low
E0348,IT,Mid,1.5,57.6,21.1,2.9,342,2,5,1,High
E0349,Finance,Mid,4.9,44.9,4.1,1.0,208,0,3,4,Low
E0350,IT,Junior,1.9,41.8,8.4,1.5,91,3,4,3,Medium
E0351,Finance,Lead,0.9,40.8,4.0,3.1,58,3,4,4,Low
E0352,IT,Lead,3.8,47.2,12.5,2.6,116,4,4,3,Medium
E0353,Finance,Mid,2.8,42.3,3.3,2.3,73,0,2,4,Low
E0354,Finance,Mid,2.0,48.6,5.2,4.2,155,0,4,4,Medium
E0355,HR,Lead,9.0,55.2,11.7,2.9,47,0,5,2,High
E0356,HR,Junior,5.0,41.5,5.4,1.4,50,0,2,5,Low
E0357,Operations,Mid,4.6,49.1,9.8,2.9,162,5,4,3,High
E0358,Operations,Mid,5.1,41.5,0.4,2.3,61,1,3,4,Low
E0359,HR,Senior,4.9,51.6,13.3,3.7,116,5,5,1,High
E0360,Finance,Junior,2.9,41.7,1.2,1.8,158,0,3,5,Low
E0361,Marketing,Senior,1.9,52.0,14.1,2.3,221,0,4,3,High
E0362,IT,Mid,3.9,55.3,13.1,0.7,219,3,4,2,High
E0363,IT,Senior,2.9,53.3,12.8,1.2,186,5,4,3,High
E0364,IT,Junior,0.5,40.1,4.6,0.2,100,3,3,4,Low
E0365,Finance,Mid,1.4,48.1,7.6,2.4,105,0,3,4,Low
E0366,Sales,Mid,2.6,47.2,6.1,1.5,97,2,3,3,Low
E0367,Operations,Junior,6.8,45.9,6.6,2.7,61,2,3,3,Low
E0368,Finance,Junior,3.9,47.0,5.0,1.7,70,1,4,4,Low
E0369,Sales,Junior,1.6,40.1,0.0,2.0,180,2,3,5,Low
E0370,Marketing,Mid,1.3,49.1,11.0,1.4,93,2,4,3,Medium
E0371,Operations,Junior,7.8,44.9,6.2,2.2,62,1,3,5,Low
E0372,Sales,Manager,3.0,41.7,10.1,3.1,217,3,5,3,High
E0373,Sales,Mid,0.1,44.0,5.8,1.8,127,3,2,4,Low
E0374,Sales,Lead,3.2,47.7,12.4,4.4,57,0,3,5,Low
E0375,IT,Manager,5.8,43.6,9.4,3.6,265,2,5,4,Medium
E0376,IT,Junior,1.2,43.8,0.0,1.5,225,1,3,5,Low
E0377,Marketing,Senior,3.7,48.9,9.6,3.0,85,3,4,3,Medium
E0378,Sales,Lead,4.0,50.2,13.1,3.5,136,4,4,4,Medium
E0379,Sales,Senior,1.3,44.9,8.7,3.3,77,1,3,3,Low
E0380,Operations,Mid,8.3,42.8,2.9,1.4,61,1,3,4,Low
E0381,Finance,Mid,4.0,48.5,7.4,3.8,95,2,5,2,Medium
E0382,Marketing,Junior,2.6,37.0,0.0,1.2,140,2,2,4,Low
E0383,Operations,Mid,3.1,42.3,3.4,3.3,150,5,4,3,Medium
E0384,HR,Manager,1.1,46.6,5.5,3.1,144,1,4,4,Medium
E0385,Sales,Manager,1.0,46.3,15.4,4.4,137,4,5,2,High
E0386,Marketing,Junior,2.4,42.6,4.0,2.3,156,5,4,4,Medium
E0387,Operations,Senior,2.5,44.1,7.2,3.4,65,1,3,4,Low
E0388,Marketing,Mid,2.9,50.8,14.3,1.4,152,4,5,4,High
E0389,IT,Lead,8.8,49.0,13.4,3.9,163,5,5,2,High
E0390,Operations,Junior,5.6,46.4,7.9,3.2,106,1,4,4,Medium
E0391,Finance,Manager,0.6,53.1,9.5,3.1,134,3,5,2,High
E0392,IT,Lead,7.7,46.4,9.6,3.0,43,1,4,4,Low
E0393,Finance,Junior,2.4,40.4,0.0,1.3,53,2,2,4,Low
E0394,Finance,Junior,6.0,53.6,9.9,1.4,171,2,5,3,Medium
E0395,IT,Lead,2.5,49.2,13.8,4.4,135,2,5,2,High
E0396,HR,Junior,3.8,47.2,2.8,0.9,46,2,3,4,Low
E0397,Operations,Mid,1.2,45.3,7.0,1.3,122,0,1,3,Low
E0398,Sales,Manager,4.5,57.1,14.9,5.0,115,1,5,2,High
E0399,HR,Senior,6.4,41.8,0.0,3.0,182,3,3,4,Medium
E0400,Sales,Mid,0.7,45.0,5.6,4.2,64,1,4,5,Low
E0401,Sales,Mid,6.5,42.2,3.5,2.2,60,1,3,4,Low
E0402,Marketing,Junior,1.9,48.0,12.6,1.8,165,5,4,3,High
E0403,Operations,Manager,10.7,52.0,15.0,2.8,129,3,5,2,High
E0404,IT,Mid,6.0,42.4,0.2,2.2,88,2,2,4,Low
E0405,Marketing,Junior,5.3,39.5,0.0,0.3,302,1,4,4,Medium
E0406,Operations,Mid,3.1,44.3,7.0,2.6,165,6,4,3,Medium
E0407,Sales,Manager,16.6,47.0,10.1,4.0,116,3,5,3,High
E0408,Operations,Junior,2.4,43.5,1.2,1.7,36,1,3,5,Low
E0409,IT,Lead,1.4,59.4,19.8,2.7,140,5,5,1,High
E0410,Marketing,Senior,2.0,45.1,9.3,1.8,72,2,4,3,Low
E0411,Finance,Lead,7.3,47.3,11.9,3.6,97,3,4,3,Medium
E0412,Finance,Manager,3.8,47.4,8.2,2.4,84,2,4,3,Low
E0413,IT,Lead,3.3,56.3,14.9,3.4,221,7,5,2,High
E0414,Marketing,Manager,2.4,50.3,9.0,5.0,61,2,5,3,Medium
E0415,IT,Junior,3.2,41.4,6.9,2.9,187,1,5,3,Medium
E0416,IT,Lead,2.3,50.5,14.4,1.8,170,4,4,2,High
E0417,IT,Senior,5.7,40.0,4.0,2.1,138,4,4,4,Low
E0418,Operations,Senior,2.8,51.3,15.4,2.8,123,3,4,3,Medium
E0419,IT,Lead,2.0,54.7,12.7,2.9,180,2,5,3,High
E0420,Marketing,Manager,6.8,48.0,15.6,2.2,105,6,4,3,Medium
E0421,Finance,Senior,1.5,38.1,4.2,2.8,225,3,5,3,Medium
E0422,IT,Mid,3.8,41.4,5.3,2.1,193,2,4,2,High
E0423,IT,Mid,0.5,44.0,4.4,3.6,255,3,4,3,High
E0424,IT,Mid,0.9,49.6,10.0,1.9,126,1,4,3,Medium
E0425,Finance,Mid,2.6,46.8,7.3,3.0,109,4,3,3,Medium
E0426,Operations,Mid,2.2,47.6,5.6,1.1,94,1,3,4,Low
E0427,IT,Junior,2.2,37.4,3.9,0.9,308,3,3,4,Medium
E0428,Operations,Junior,6.1,44.2,1.4,2.3,145,0,3,5,Low
E0429,IT,Senior,6.3,47.0,10.3,3.4,72,3,4,3,Medium
E0430,Operations,Mid,4.4,46.3,5.6,1.3,220,3,4,4,Medium
E0431,Marketing,Manager,1.4,41.9,7.8,3.3,106,6,3,4,Medium
E0432,Operations,Senior,3.2,52.0,15.2,1.4,44,3,3,3,Low
E0433,Operations,Junior,11.7,45.3,6.2,1.6,79,2,3,4,Low
E0434,Operations,Junior,15.5,52.5,11.6,2.4,201,3,5,3,High
E0435,IT,Junior,6.9,39.6,5.9,1.4,151,5,4,3,Medium
E0436,IT,Manager,1.4,51.1,14.0,3.1,173,3,5,2,High
E0437,IT,Junior,3.2,42.6,7.8,0.8,219,1,5,3,Medium
E0438,HR,Mid,4.2,41.0,0.0,1.6,28,1,3,3,Low
E0439,Operations,Manager,3.7,55.9,17.2,4.7,108,2,5,2,High
E0440,Finance,Manager,7.4,52.0,10.5,3.4,125,2,5,3,High
E0441,Operations,Mid,5.9,46.5,10.5,1.3,223,3,3,2,Medium
E0442,IT,Junior,1.4,46.4,5.0,1.4,62,0,2,4,Low
E0443,Operations,Junior,2.1,48.3,5.8,0.4,97,1,3,3,Low
E0444,IT,Junior,6.9,38.3,4.5,0.9,111,1,3,4,Low
E0445,Sales,Junior,9.0,51.1,11.9,3.2,100,4,4,3,High
E0446,Operations,Senior,4.2,50.7,10.2,2.4,131,3,4,3,Medium
E0447,Marketing,Manager,9.7,48.6,12.0,4.8,120,3,5,3,High
E0448,Finance,Mid,3.9,46.0,12.4,2.0,105,4,4,2,Medium
E0449,IT,Senior,1.6,54.7,15.1,2.5,196,5,5,2,High
E0450,Finance,Junior,5.5,43.4,9.1,2.2,168,3,4,3,Medium
E0451,IT,Lead,20.0,44.1,6.3,0.9,171,7,4,3,Medium
E0452,Operations,Senior,1.1,44.5,6.2,2.7,189,1,4,4,Medium
E0453,Operations,Lead,9.5,47.0,6.5,3.0,245,4,4,2,High
E0454,IT,Manager,5.3,50.7,15.9,4.5,82,3,5,2,High
E0455,IT,Mid,2.0,45.4,9.7,2.9,60,1,4,4,Low
E0456,IT,Junior,0.5,41.8,2.4,0.8,150,0,3,4,Low
E0457,Marketing,Junior,0.3,46.4,4.7,2.7,86,1,3,4,Low
E0458,HR,Mid,2.2,46.4,0.0,1.9,69,1,2,5,Low
E0459,Operations,Manager,4.7,44.2,11.3,2.6,94,4,4,4,Medium
E0460,Finance,Mid,6.5,40.8,0.4,2.3,160,4,3,4,Low
E0461,Finance,Senior,7.6,44.9,10.6,2.3,324,4,4,2,High
E0462,IT,Senior,4.4,52.4,12.0,3.7,194,1,5,2,High
E0463,Marketing,Junior,3.9,47.4,13.1,2.0,105,3,5,2,Medium
E0464,Sales,Mid,2.7,46.8,11.4,2.7,186,3,4,2,High
E0465,Finance,Senior,4.8,43.3,6.8,3.2,61,5,4,4,Medium
E0466,Operations,Senior,2.0,49.4,12.3,3.4,50,2,3,3,Medium
E0467,Finance,Mid,1.1,41.6,1.4,2.7,90,1,3,4,Low
E0468,Marketing,Junior,3.7,42.3,1.7,2.8,32,2,2,4,Low
E0469,IT,Senior,6.2,49.2,11.8,3.0,102,3,5,3,Medium
E0470,HR,Junior,0.9,35.5,0.0,1.8,109,0,2,4,Low
E0471,Sales,Manager,2.2,51.4,11.9,4.7,362,6,5,1,High
E0472,HR,Junior,3.6,39.3,0.0,1.6,188,1,2,5,Low
E0473,IT,Junior,3.6,49.9,8.4,1.7,50,1,3,4,Low
E0474,IT,Mid,5.2,41.2,4.7,3.5,44,1,4,5,Low
E0475,Sales,Mid,11.5,42.6,9.7,3.8,85,2,4,3,Medium
E0476,Sales,Mid,0.3,46.0,8.1,2.5,272,2,5,4,High
E0477,Sales,Mid,11.9,54.5,13.6,2.2,74,2,4,4,Medium
E0478,Finance,Manager,11.2,49.0,11.0,4.5,94,2,5,3,Medium
E0479,Finance,Mid,6.6,42.1,3.9,2.7,78,2,2,4,Low
E0480,Sales,Mid,4.1,42.6,7.0,2.8,150,6,4,2,High
E0481,Sales,Mid,2.0,46.9,2.6,2.3,167,7,3,3,Medium
E0482,IT,Junior,6.5,44.3,9.6,2.0,170,3,5,3,Medium
E0483,Finance,Senior,4.3,46.3,10.9,2.5,144,6,4,3,High
E0484,Sales,Junior,2.7,55.1,16.9,1.6,92,7,3,1,High
E0485,IT,Senior,6.4,40.5,8.0,2.6,126,2,3,5,Low
E0486,Sales,Junior,7.2,48.2,5.9,2.4,226,2,3,3,High
E0487,HR,Manager,8.9,46.5,6.2,3.0,261,4,5,3,High
E0488,IT,Mid,1.8,50.2,9.8,2.8,153,2,5,3,Medium
E0489,Finance,Lead,8.2,50.6,11.5,4.0,64,2,4,3,Low
E0490,Finance,Mid,2.8,44.6,6.8,2.9,150,2,4,3,Medium
E0491,Operations,Junior,4.2,45.2,10.8,1.5,113,2,4,3,Medium
E0492,Finance,Lead,4.8,45.2,7.5,3.6,63,1,3,4,Low
E0493,Finance,Senior,7.7,46.7,12.4,2.6,83,3,4,3,Medium
E0494,Sales,Lead,6.0,51.8,13.2,2.5,83,3,4,3,Medium
E0495,Operations,Mid,2.7,48.1,7.5,2.6,165,1,4,4,Medium
E0496,HR,Senior,0.3,47.8,4.7,2.6,246,1,4,3,Medium
E0497,Sales,Lead,5.1,57.6,20.7,5.5,202,4,5,2,High
E0498,Finance,Senior,4.0,46.5,5.2,3.7,161,1,4,3,Medium
E0499,Sales,Mid,1.1,46.2,9.2,3.1,122,1,3,4,Low
E0500,HR,Senior,4.4,40.5,3.0,2.7,79,1,3,4,Low
E0501,Operations,Senior,3.6,54.1,16.1,2.6,177,5,5,2,High
E0502,Operations,Manager,8.9,50.6,15.0,2.5,158,2,5,2,High
E0503,Marketing,Mid,12.4,43.4,3.8,0.7,66,3,3,4,Low
E0504,HR,Mid,7.1,41.7,6.6,1.4,129,0,3,4,Low
E0505,HR,Lead,3.4,43.8,8.5,3.0,135,2,4,3,Medium
E0506,Operations,Mid,3.8,45.8,5.4,0.4,99,3,3,3,Low
E0507,Sales,Senior,1.8,52.4,12.5,2.5,102,1,4,3,Medium
E0508,Operations,Mid,2.1,44.0,9.1,1.9,147,1,4,4,Low
E0509,HR,Junior,3.3,45.1,4.4,1.5,82,1,2,5,Low
E0510,IT,Senior,3.0,46.3,10.3,2.0,320,5,5,2,High
E0511,IT,Junior,1.0,47.5,9.7,1.4,157,1,4,3,Medium
E0512,Operations,Junior,8.9,49.8,7.4,3.1,148,4,4,2,Medium
E0513,IT,Senior,9.8,50.7,10.7,3.0,114,2,4,4,Low
E0514,Sales,Senior,8.8,47.5,6.9,2.5,93,1,3,3,Low
E0515,Sales,Lead,10.0,59.8,17.8,3.4,81,5,5,2,High
E0516,IT,Mid,14.8,41.3,4.8,2.1,71,0,3,4,Low
E0517,Sales,Junior,1.8,43.7,8.7,1.5,58,2,3,3,Low
E0518,Operations,Manager,14.4,45.7,10.2,2.7,59,1,5,3,Medium
E0519,IT,Junior,2.7,51.0,15.0,2.5,73,4,5,2,High
E0520,Operations,Junior,5.7,34.8,2.9,1.4,200,1,3,4,Low
E0521,Operations,Mid,0.8,42.6,4.6,1.2,200,3,4,3,Low
E0522,Sales,Mid,2.4,41.2,4.1,2.5,74,3,4,4,Medium
E0523,IT,Lead,7.2,52.8,13.3,3.1,73,4,5,3,High
E0524,Finance,Senior,5.9,43.0,3.0,0.9,86,0,2,5,Low
E0525,IT,Senior,2.6,44.7,8.6,2.5,175,2,3,4,Low
E0526,Sales,Junior,3.8,41.3,0.0,2.8,169,1,3,3,Low
E0527,Marketing,Mid,2.2,47.8,7.5,2.5,124,1,4,4,Low
E0528,Marketing,Mid,7.2,40.9,4.5,3.9,133,4,4,3,Medium
E0529,Operations,Junior,9.4,38.4,0.5,2.7,116,3,1,4,Low
E0530,Sales,Mid,1.8,42.9,12.3,3.7,79,4,5,2,High
E0531,Finance,Mid,3.5,37.7,1.8,4.3,43,0,4,5,Low
E0532,Operations,Junior,1.0,45.2,9.7,2.3,275,3,4,4,Medium
E0533,Sales,Senior,4.3,45.2,6.7,3.1,128,2,4,3,Medium
E0534,Finance,Senior,5.3,48.9,14.9,3.3,63,1,5,3,Medium
E0535,IT,Junior,4.6,47.0,11.0,1.3,158,3,4,3,High
E0536,IT,Mid,5.0,39.9,5.0,2.2,70,2,4,3,Low
E0537,HR,Lead,3.2,43.1,3.8,2.5,189,2,3,4,Low
E0538,IT,Senior,3.3,51.4,12.9,2.8,198,1,5,3,High
E0539,IT,Lead,3.2,49.7,11.0,2.5,183,3,4,2,Medium
E0540,Operations,Mid,2.3,45.1,6.8,1.6,128,2,3,3,Low
E0541,Marketing,Lead,2.6,46.8,14.6,3.3,242,2,5,2,High
E0542,Finance,Mid,5.1,40.9,4.0,2.0,219,2,4,4,Medium
E0543,Operations,Mid,9.0,44.8,7.9,0.6,79,5,4,3,Medium
E0544,Marketing,Junior,1.5,45.9,9.3,0.5,167,3,4,4,Low
E0545,IT,Mid,3.3,49.7,12.2,1.2,104,7,3,3,Medium
E0546,Sales,Mid,1.2,49.8,7.4,1.8,68,2,3,3,Low
E0547,Sales,Mid,2.4,47.5,6.8,2.9,231,1,4,3,Medium
E0548,IT,Senior,2.7,39.4,3.5,2.7,162,2,3,5,Low
E0549,Operations,Mid,4.1,44.2,3.3,3.0,125,1,3,3,Low
E0550,Sales,Mid,4.0,49.0,9.3,3.2,88,4,5,3,High
E0551,HR,Junior,3.5,39.5,2.9,2.6,225,2,4,4,Medium
E0552,IT,Mid,4.8,49.7,9.3,2.6,84,1,4,4,Medium
E0553,IT,Mid,1.7,49.8,13.2,2.3,83,3,5,2,High
E0554,Marketing,Mid,4.1,36.7,1.8,3.0,102,0,3,5,Low
E0555,IT,Mid,6.0,47.5,8.1,2.8,170,4,5,4,Medium
E0556,IT,Senior,1.7,49.4,11.3,2.8,104,4,4,3,Medium
E0557,Sales,Manager,0.6,46.4,9.2,4.8,420,4,5,2,High
E0558,HR,Mid,7.2,47.8,10.2,0.2,130,5,3,3,Medium
E0559,Finance,Senior,1.3,47.3,12.1,2.3,96,1,5,3,Medium
E0560,HR,Lead,2.3,48.5,8.7,2.8,88,1,4,3,Medium
E0561,IT,Manager,5.9,55.9,20.2,4.2,315,1,5,2,High
E0562,IT,Senior,1.6,43.7,4.5,3.8,109,1,3,5,Low
E0563,Operations,Lead,6.8,49.2,10.5,1.8,240,1,5,3,Medium
E0564,Finance,Lead,2.0,45.5,11.5,4.1,66,3,5,3,Medium
E0565,Finance,Lead,1.8,42.0,6.3,2.1,206,5,5,4,Medium
E0566,Finance,Mid,1.2,39.6,8.2,1.2,85,1,3,5,Low
E0567,Operations,Junior,2.0,42.9,2.1,1.5,160,1,3,5,Low
E0568,IT,Junior,5.4,44.7,10.8,1.4,87,0,4,2,Low
E0569,Sales,Mid,2.3,49.9,12.2,1.3,112,3,4,3,Medium
E0570,HR,Mid,7.2,45.2,5.6,2.6,62,1,3,4,Low
E0571,Sales,Mid,3.6,41.8,0.6,3.1,157,5,2,3,Low
E0572,Operations,Senior,3.9,40.1,5.1,3.3,188,0,4,5,Medium
E0573,HR,Senior,1.7,46.1,8.3,2.2,89,1,4,4,Low
E0574,Operations,Lead,7.9,53.2,10.6,3.0,55,5,4,3,Medium
E0575,Operations,Junior,6.1,44.6,0.0,1.7,207,0,3,4,Low
E0576,HR,Junior,5.9,49.4,8.5,3.1,88,5,4,3,Medium
E0577,Marketing,Lead,3.1,48.7,10.0,0.7,122,2,4,3,Medium
E0578,Finance,Lead,1.1,42.0,6.7,2.2,77,5,4,3,Medium
E0579,Operations,Manager,4.0,54.4,15.5,3.3,217,2,5,3,High
E0580,Sales,Lead,5.2,45.8,8.3,2.6,172,1,5,3,High
E0581,HR,Lead,5.2,45.0,4.7,2.8,240,0,4,2,Medium
E0582,HR,Mid,4.7,42.4,5.9,2.0,202,2,4,2,Medium
E0583,IT,Mid,4.6,52.2,16.1,1.6,217,4,5,1,High
E0584,Sales,Mid,2.0,51.9,14.5,2.6,136,2,4,2,High
E0585,Marketing,Senior,2.1,47.9,9.4,3.0,113,1,3,3,Medium
E0586,Finance,Manager,1.3,51.5,12.8,3.1,166,0,4,2,Medium
E0587,IT,Mid,7.3,47.8,12.2,1.7,128,2,4,2,Medium
E0588,Sales,Senior,12.0,39.2,4.5,2.8,199,1,4,3,Low
E0589,IT,Mid,19.8,53.9,11.6,2.1,93,5,3,2,Medium
E0590,IT,Junior,4.2,51.1,5.1,0.3,42,0,3,4,Low
E0591,Marketing,Junior,4.6,46.4,6.8,2.1,152,4,4,3,Medium
E0592,Sales,Junior,3.2,40.5,6.1,1.8,87,4,4,4,Low
E0593,Sales,Manager,4.2,48.7,14.0,4.8,71,3,5,2,High
E0594,Finance,Mid,1.6,47.2,7.5,2.6,324,2,5,2,High
E0595,IT,Lead,3.1,43.5,0.0,3.9,99,0,3,4,Low
E0596,Sales,Senior,1.8,44.2,10.2,2.1,67,1,4,4,Low
E0597,Operations,Junior,2.8,46.6,9.1,1.4,96,4,3,3,Low
E0598,Finance,Junior,1.9,46.5,7.8,0.7,97,3,3,4,Low
E0599,Marketing,Lead,5.2,49.6,9.1,2.4,161,3,4,2,Medium
E0600,Finance,Mid,5.7,49.6,13.6,3.1,102,4,4,3,Medium
E0601,HR,Manager,4.5,42.8,9.7,4.5,124,3,4,3,Medium
E0602,Operations,Junior,2.1,48.2,8.3,0.8,144,2,4,2,Medium
E0603,Marketing,Senior,1.2,52.9,12.2,2.1,170,2,5,3,Medium
E0604,Operations,Lead,5.7,49.1,12.0,2.9,140,4,5,4,High
E0605,Marketing,Mid,3.6,43.1,2.9,2.6,262,1,4,3,Medium
E0606,Operations,Mid,0.6,38.1,0.0,0.7,148,0,3,4,Low
E0607,Operations,Manager,4.0,44.8,9.6,2.0,167,5,4,2,High
E0608,IT,Mid,4.6,52.4,12.0,2.5,169,3,4,2,High
E0609,Operations,Mid,0.8,45.7,6.1,0.5,207,2,3,3,Medium
E0610,Sales,Mid,5.3,50.2,11.2,2.2,136,4,4,2,Medium
E0611,Finance,Mid,0.9,50.2,7.6,2.2,75,2,2,3,Low
E0612,Finance,Senior,1.9,47.6,13.7,2.8,168,2,4,2,Medium
E0613,Marketing,Senior,1.0,43.4,6.8,2.4,160,2,5,2,Medium
E0614,Marketing,Mid,1.7,46.9,8.4,1.8,228,5,4,2,High
E0615,Sales,Lead,1.2,48.5,13.0,4.1,86,2,4,3,Medium
E0616,Operations,Junior,7.2,52.1,12.5,1.9,95,0,4,2,Medium
E0617,Operations,Junior,3.0,38.9,0.0,1.2,101,0,1,4,Low
E0618,Sales,Senior,2.5,42.8,7.7,3.0,163,1,4,3,Medium
E0619,IT,Manager,7.7,53.1,16.4,3.6,94,5,5,2,High
E0620,IT,Junior,7.4,51.7,14.2,3.1,90,3,4,3,Medium
E0621,Operations,Junior,2.7,48.5,7.5,2.3,183,4,3,2,Medium
E0622,HR,Mid,4.4,43.4,3.3,3.1,51,1,3,5,Low
E0623,Marketing,Lead,2.2,51.1,12.5,2.5,103,0,5,3,Medium
E0624,HR,Junior,3.3,46.2,7.0,1.3,188,2,4,3,Medium
E0625,Marketing,Mid,1.4,43.1,5.1,1.9,155,0,3,4,Low
E0626,Sales,Senior,4.9,46.2,10.8,2.8,87,4,5,3,Medium
E0627,Operations,Mid,7.9,50.4,12.2,1.3,168,4,3,2,Medium
E0628,IT,Junior,7.0,51.3,15.6,2.7,170,8,5,3,High
E0629,Finance,Junior,3.7,51.9,9.0,2.4,123,2,3,4,Low
E0630,Operations,Mid,0.5,49.8,7.7,1.9,101,2,3,3,Low
E0631,Marketing,Mid,2.1,46.6,6.3,2.6,151,1,3,3,Medium
E0632,Operations,Lead,3.3,51.0,12.7,3.2,88,4,5,3,Medium
E0633,IT,Senior,1.0,47.4,10.0,3.1,164,4,5,3,High
E0634,Sales,Senior,0.9,44.2,10.3,1.9,148,1,4,3,Medium
E0635,IT,Manager,9.4,46.1,8.8,3.2,150,4,4,3,High
E0636,IT,Mid,6.4,51.4,14.2,2.1,95,2,5,2,Medium
E0637,Finance,Mid,5.2,42.2,2.4,2.6,212,4,4,4,Medium
E0638,Operations,Manager,5.9,48.9,9.8,2.8,98,5,4,3,High
E0639,Operations,Mid,1.2,48.7,7.9,0.1,99,2,3,3,Low
E0640,Operations,Senior,1.7,51.4,17.0,1.6,155,2,5,2,High
E0641,Operations,Senior,4.2,43.4,7.3,2.5,168,0,4,3,Low
E0642,Operations,Junior,4.5,47.0,3.8,1.8,129,3,3,4,Low
E0643,IT,Mid,1.0,47.4,6.8,3.4,55,1,4,4,Medium
E0644,IT,Junior,4.0,50.3,14.6,2.2,144,2,5,3,Medium
E0645,Finance,Junior,3.4,39.2,0.0,1.8,104,0,3,5,Low
E0646,Operations,Mid,6.8,42.1,3.5,2.1,220,5,3,3,Medium
E0647,IT,Mid,4.5,55.9,19.9,3.0,135,4,5,2,High
E0648,HR,Lead,10.1,49.0,9.9,2.5,165,2,4,3,Medium
E0649,Finance,Lead,2.7,51.7,5.6,2.9,403,2,5,3,High
E0650,IT,Lead,1.3,49.7,11.8,2.1,227,5,5,1,High
E0651,Sales,Mid,9.9,48.3,8.3,3.7,76,1,4,3,Medium
E0652,Marketing,Mid,4.7,42.6,9.9,2.4,187,2,5,2,Medium
E0653,Finance,Mid,3.4,49.9,14.4,1.5,150,3,4,3,Medium
E0654,IT,Junior,1.7,51.1,9.6,1.6,110,4,3,4,Medium
E0655,Operations,Manager,2.7,48.3,9.3,3.7,187,1,5,2,High
E0656,Sales,Mid,2.6,35.4,11.1,2.3,96,4,4,4,Medium
E0657,Operations,Junior,1.2,44.6,3.7,1.3,79,0,3,4,Low
E0658,Sales,Lead,0.3,50.9,6.9,2.9,117,1,4,4,Medium
E0659,Finance,Mid,2.5,33.5,0.0,2.4,78,2,2,5,Low
E0660,Sales,Junior,6.0,44.6,0.7,1.9,146,1,3,5,Low
E0661,Sales,Junior,8.4,34.0,3.4,1.8,108,1,3,4,Low
E0662,Operations,Senior,7.0,45.8,4.3,1.4,86,1,3,3,Low
E0663,IT,Lead,7.3,50.4,13.3,3.1,221,2,5,2,High
E0664,IT,Junior,1.4,35.1,3.2,1.6,149,3,3,4,Low
E0665,Sales,Manager,4.3,40.8,0.0,3.5,37,3,3,4,Low
E0666,Operations,Lead,5.2,48.1,6.3,3.2,57,1,4,4,Low
E0667,Operations,Lead,5.5,47.6,8.6,3.6,99,4,4,3,Medium
E0668,Marketing,Junior,3.3,43.8,3.1,2.3,49,0,4,4,Low
E0669,Sales,Junior,3.9,49.0,13.1,2.6,206,4,5,2,High
E0670,Sales,Lead,6.9,40.9,8.5,3.3,96,2,3,3,Medium
E0671,IT,Mid,5.1,51.8,12.5,1.6,177,2,4,3,Medium
E0672,Finance,Senior,5.8,51.6,8.4,1.7,171,2,4,2,High
E0673,Marketing,Senior,2.4,49.3,7.8,2.0,42,2,3,3,Low
E0674,Operations,Junior,5.6,36.2,3.2,1.7,81,1,2,3,Low
E0675,Finance,Lead,3.9,43.0,9.8,2.4,109,5,3,3,Medium
E0676,Sales,Manager,6.4,44.3,8.9,3.8,146,4,5,4,Medium
E0677,Marketing,Senior,2.0,41.9,8.7,1.7,199,2,3,2,Medium
E0678,HR,Mid,6.0,42.6,3.6,0.8,328,4,3,3,Medium
E0679,IT,Lead,2.7,47.4,8.2,3.7,268,6,5,4,High
E0680,Sales,Mid,6.1,45.0,12.0,2.2,137,5,4,3,Medium
E0681,IT,Senior,4.3,51.8,12.2,1.8,147,4,4,3,High
E0682,IT,Lead,3.7,49.7,10.2,2.1,244,6,4,3,Medium
E0683,IT,Senior,2.8,47.0,11.1,2.8,130,2,3,2,Medium
E0684,HR,Mid,3.4,42.4,4.2,3.2,84,3,4,3,Low
E0685,Finance,Junior,2.5,35.7,2.5,1.4,179,7,3,3,Medium
E0686,Sales,Mid,2.8,45.3,8.3,2.4,151,1,4,3,Medium
E0687,Sales,Mid,5.0,44.0,5.5,3.4,52,4,4,4,Low
E0688,Marketing,Mid,0.7,42.2,2.7,0.7,90,0,2,4,Low
E0689,Operations,Senior,6.0,42.7,2.5,4.1,48,1,3,4,Low
E0690,HR,Mid,6.1,42.8,3.1,4.1,22,2,2,4,Low
E0691,Sales,Lead,2.9,49.6,13.3,1.3,295,3,5,2,High
E0692,Marketing,Manager,4.0,46.7,7.7,3.2,131,2,4,3,Medium
E0693,IT,Mid,1.6,58.2,19.1,1.5,133,2,5,2,High
E0694,Sales,Senior,4.8,49.9,13.0,2.7,118,2,4,3,High
E0695,Marketing,Senior,1.7,51.3,13.2,2.2,145,3,4,3,Medium
E0696,HR,Mid,0.1,45.3,7.7,2.7,100,4,4,3,Medium
E0697,Operations,Junior,8.1,49.0,13.9,1.6,85,3,4,3,Medium
E0698,Finance,Lead,1.4,46.7,6.9,2.3,89,0,4,4,Low
E0699,Finance,Manager,3.4,38.5,0.8,3.2,216,3,4,4,Low
E0700,Sales,Senior,4.1,47.0,7.7,3.4,205,3,4,2,High
E0701,IT,Manager,5.0,52.0,15.2,2.4,131,1,5,3,Medium
E0702,Sales,Manager,3.6,48.9,12.6,2.4,308,5,5,1,High
E0703,IT,Mid,4.4,46.8,10.1,3.7,128,1,4,3,Medium
E0704,Operations,Senior,2.9,49.7,14.3,2.0,109,3,5,2,High
E0705,Sales,Mid,0.8,42.4,9.5,2.4,145,4,4,4,Medium
E0706,Finance,Manager,3.5,52.3,14.2,3.0,286,8,5,2,High
E0707,Operations,Junior,5.5,42.4,2.7,2.1,216,3,4,4,Medium
E0708,Operations,Mid,1.5,44.6,3.1,3.5,71,0,3,5,Low
E0709,Sales,Lead,4.1,52.3,17.5,3.9,98,3,5,2,High
E0710,HR,Mid,11.5,49.2,4.9,0.9,97,2,2,3,Low
E0711,Marketing,Lead,3.3,44.1,7.0,1.9,154,3,2,4,Low
E0712,Finance,Mid,3.4,40.6,4.5,1.8,166,1,4,3,Medium
E0713,Operations,Manager,0.8,43.8,8.9,3.1,220,1,5,2,High
E0714,Marketing,Lead,1.3,39.8,6.7,1.6,123,1,3,4,Low
E0715,Operations,Mid,1.8,46.1,2.4,2.8,120,0,3,4,Low
E0716,IT,Senior,5.3,47.3,4.5,1.6,125,5,3,4,Low
E0717,Finance,Mid,1.6,46.4,6.2,3.3,198,4,4,3,Medium
E0718,IT,Senior,4.7,43.5,8.1,4.0,188,4,4,3,Medium
E0719,Finance,Senior,1.9,55.5,12.9,2.3,104,3,3,4,Low
E0720,Marketing,Lead,0.8,47.2,10.7,3.4,194,3,3,2,Medium
E0721,HR,Junior,5.8,42.5,4.6,0.7,184,2,2,3,Low
E0722,Sales,Junior,2.6,47.1,4.0,2.6,192,3,4,3,Medium
E0723,IT,Senior,5.0,49.7,10.0,2.1,148,2,3,2,Medium
E0724,Marketing,Senior,0.8,53.8,9.4,1.6,150,4,4,3,High
E0725,IT,Mid,0.3,50.0,11.9,1.9,133,1,5,3,Medium
E0726,IT,Junior,3.9,44.5,7.6,1.3,134,2,3,4,Low
E0727,IT,Mid,1.3,48.6,13.3,1.8,286,3,5,2,High
E0728,IT,Lead,3.8,43.8,12.0,3.8,152,1,5,3,High
E0729,HR,Junior,3.9,44.2,6.7,1.1,86,1,3,3,Low
E0730,HR,Mid,3.5,45.0,2.5,3.5,129,2,4,3,Medium
E0731,Sales,Manager,7.3,45.2,4.7,2.7,171,4,5,3,Medium
E0732,IT,Junior,4.6,47.0,9.1,3.0,203,5,5,3,High
E0733,IT,Senior,11.5,47.5,13.4,1.7,94,1,3,3,Low
E0734,Sales,Mid,2.7,48.6,10.3,2.5,252,3,4,2,High
E0735,IT,Lead,1.1,53.8,13.7,2.6,188,4,5,2,High
E0736,Operations,Senior,2.0,47.0,7.6,2.2,236,2,4,3,Medium
E0737,IT,Lead,2.8,47.2,8.8,3.6,58,5,3,3,Low
E0738,Sales,Junior,12.1,44.7,9.2,3.3,215,0,4,3,Medium
E0739,Sales,Mid,3.7,50.1,9.7,3.5,72,1,5,3,Medium
E0740,Sales,Senior,7.4,36.1,7.3,2.6,106,3,3,3,Low
E0741,IT,Mid,2.5,51.6,13.4,2.2,200,2,4,3,High
E0742,IT,Mid,2.2,51.7,5.5,1.5,66,0,2,4,Low
E0743,Operations,Junior,0.7,38.4,4.2,0.9,80,4,3,5,Low
E0744,IT,Manager,11.8,54.8,19.5,2.4,96,2,5,3,High
E0745,HR,Senior,9.1,47.3,9.5,2.1,183,1,4,4,Low
E0746,HR,Senior,4.2,41.9,4.6,2.7,74,0,3,3,Low
E0747,Sales,Senior,2.9,51.3,10.6,1.4,142,1,3,2,Medium
E0748,Sales,Mid,3.8,48.0,8.6,2.5,151,4,5,3,High
E0749,Operations,Mid,1.0,40.0,0.0,3.3,121,2,3,5,Low
E0750,Operations,Mid,5.0,45.1,3.9,3.0,128,1,3,4,Medium
E0751,Sales,Senior,8.6,47.2,9.3,2.5,140,2,4,4,Medium
E0752,Sales,Junior,8.9,53.6,5.6,1.0,52,3,4,2,Medium
E0753,IT,Lead,0.8,50.6,13.0,3.4,126,3,5,3,High
E0754,HR,Lead,7.4,49.9,12.0,1.1,158,2,5,3,High
E0755,Finance,Mid,1.0,39.0,5.7,3.0,120,3,3,3,Medium
E0756,IT,Senior,0.3,43.0,6.3,2.3,121,3,3,4,Low
E0757,Sales,Junior,7.6,49.7,8.3,3.6,86,1,4,4,Medium
E0758,Marketing,Manager,2.3,43.0,9.2,1.9,147,2,4,3,Medium
E0759,IT,Lead,6.9,42.4,11.4,3.7,159,4,5,3,High
E0760,HR,Manager,6.4,45.6,7.3,3.2,100,2,3,4,Low
E0761,Operations,Mid,5.9,57.1,16.5,1.8,224,6,5,1,High
E0762,IT,Junior,3.7,39.6,0.0,0.6,225,4,2,4,Low
E0763,IT,Junior,1.1,43.7,6.4,2.2,133,1,4,3,Medium
E0764,IT,Junior,2.8,40.5,8.0,2.2,83,2,4,4,Low
E0765,Marketing,Junior,9.0,42.8,2.4,3.1,53,2,3,5,Low
E0766,IT,Junior,7.0,51.0,11.6,2.5,125,5,4,2,High
E0767,IT,Manager,2.9,47.5,16.3,2.8,164,2,5,2,High
E0768,IT,Junior,2.9,49.3,7.8,0.9,73,2,3,3,Low
E0769,IT,Junior,5.5,47.5,6.9,0.6,99,3,3,3,Medium
E0770,Finance,Lead,4.0,50.8,9.6,4.2,200,5,5,3,High
E0771,IT,Senior,3.0,49.5,10.1,1.9,41,2,3,3,Low
E0772,Finance,Senior,5.2,48.2,8.2,3.7,136,1,4,4,Medium
E0773,Finance,Senior,5.1,47.4,7.7,2.9,88,0,4,4,Low
E0774,Operations,Lead,2.1,51.5,11.5,3.3,130,4,4,3,Medium
E0775,IT,Senior,4.6,45.1,13.5,2.3,272,3,5,1,High
E0776,Operations,Mid,4.9,37.1,2.6,2.6,107,3,3,5,Low
E0777,Finance,Senior,3.5,40.8,4.3,2.5,102,3,3,5,Low
E0778,IT,Mid,1.9,40.8,2.0,1.8,155,2,2,5,Low
E0779,Operations,Mid,2.7,49.7,11.0,2.7,158,2,5,3,High
E0780,Operations,Mid,1.6,47.4,8.5,2.0,136,3,3,3,Medium
E0781,IT,Junior,4.7,51.1,10.0,1.1,146,4,3,2,Medium
E0782,Marketing,Lead,0.8,46.1,3.8,3.5,212,5,4,3,Medium
E0783,HR,Mid,9.7,46.4,11.6,2.0,194,1,5,3,High
E0784,Finance,Junior,8.4,43.2,3.6,2.1,100,1,2,4,Low
E0785,Marketing,Mid,4.9,42.9,7.2,1.7,254,3,4,4,Medium
E0786,Sales,Lead,6.7,50.7,14.4,2.5,121,1,5,2,High
E0787,Operations,Mid,6.4,43.4,3.6,3.5,120,1,3,4,Low
E0788,Sales,Senior,4.0,35.3,7.3,4.2,124,2,4,3,Low
E0789,Operations,Lead,3.1,55.9,11.2,3.7,116,5,3,2,High
E0790,Finance,Junior,2.8,55.5,17.4,1.4,274,4,4,2,High
E0791,IT,Senior,9.9,47.3,11.7,2.3,122,2,4,3,Medium
E0792,Sales,Mid,1.8,57.1,14.4,3.7,127,5,5,2,High
E0793,Sales,Junior,1.8,48.1,11.8,1.9,211,5,3,3,Medium
E0794,IT,Senior,7.1,49.7,12.0,2.0,95,5,4,3,Medium
E0795,IT,Lead,6.7,44.6,8.0,4.5,69,1,3,4,Low
E0796,Sales,Mid,3.0,54.5,12.2,2.5,133,3,4,2,High
E0797,IT,Senior,5.3,42.9,4.5,3.9,69,3,5,4,Low
E0798,IT,Mid,5.8,52.6,15.4,1.0,105,1,4,3,Medium
E0799,Operations,Senior,1.1,51.1,9.8,2.9,49,2,4,3,Low
E0800,Operations,Senior,8.7,41.3,0.0,4.2,24,1,3,5,Low
E0801,Operations,Senior,5.8,45.6,7.6,2.5,47,1,3,4,Low
E0802,Sales,Senior,5.0,52.8,12.1,2.7,279,1,5,3,High
E0803,Marketing,Junior,5.9,50.9,4.6,0.8,36,3,3,3,Low
E0804,Finance,Senior,4.6,49.8,11.4,3.4,90,3,5,4,Medium
E0805,IT,Senior,3.4,45.7,7.1,1.9,109,6,4,3,Medium
E0806,IT,Senior,4.0,44.4,5.3,2.4,154,2,3,3,Medium
E0807,Operations,Junior,1.0,48.5,6.2,0.7,170,2,3,3,Low
E0808,IT,Mid,12.5,45.2,9.1,3.3,88,0,4,3,Low
E0809,HR,Mid,3.3,41.2,3.1,3.0,116,2,3,3,Low
E0810,Marketing,Junior,12.4,43.4,10.4,1.7,120,4,4,3,Medium
E0811,IT,Junior,4.1,39.7,4.6,0.8,121,0,2,5,Low
E0812,IT,Mid,2.2,46.4,10.3,3.3,143,2,5,2,High
E0813,Marketing,Senior,8.6,46.1,8.3,2.2,154,2,4,3,Medium
E0814,Finance,Mid,4.9,45.5,0.8,1.2,73,1,2,5,Low
E0815,IT,Lead,15.5,46.6,6.7,1.6,216,0,4,3,Medium
E0816,Marketing,Senior,2.2,43.3,8.0,2.0,286,7,4,3,High
E0817,Operations,Senior,8.8,51.2,16.9,1.3,136,4,5,2,High
E0818,HR,Mid,9.1,49.2,6.8,1.6,330,6,4,2,High
E0819,Finance,Mid,6.2,43.0,0.1,2.7,74,1,3,4,Low
E0820,Sales,Senior,9.2,39.6,0.0,2.6,107,0,3,3,Low
E0821,IT,Manager,3.4,51.2,15.9,3.6,140,2,5,2,High
E0822,Finance,Mid,1.8,48.3,6.6,1.5,124,1,3,4,Low
E0823,Sales,Mid,2.4,46.9,12.6,2.6,222,6,4,3,High
E0824,Finance,Senior,3.9,44.8,5.0,4.0,105,1,4,5,Low
E0825,Operations,Senior,6.4,54.8,10.4,2.2,82,0,4,4,Medium
E0826,IT,Junior,1.9,49.5,11.4,2.0,96,0,4,2,Medium
E0827,Finance,Mid,2.8,41.4,5.2,0.8,106,0,4,3,Low
E0828,IT,Mid,2.1,46.7,7.3,3.3,130,5,4,4,Medium
E0829,Operations,Manager,7.2,47.6,11.6,2.9,99,4,4,4,Medium
E0830,IT,Mid,12.3,44.5,11.2,2.9,88,3,4,4,Low
E0831,Finance,Mid,1.5,47.3,6.9,2.0,137,3,3,3,Medium
E0832,Finance,Manager,5.5,55.1,14.9,3.8,150,2,5,2,High
E0833,Sales,Mid,7.8,43.7,6.2,3.1,184,1,5,3,Medium
E0834,Finance,Junior,3.2,38.9,0.7,1.3,72,2,3,4,Low
E0835,Operations,Junior,1.0,48.4,14.4,2.6,181,3,5,3,Medium
E0836,Finance,Junior,8.5,42.0,3.6,1.1,101,1,3,4,Low
E0837,Operations,Junior,1.0,41.3,4.2,2.3,87,1,4,4,Low
E0838,Marketing,Mid,10.2,41.6,6.2,1.8,109,5,3,3,Low
E0839,Sales,Senior,2.0,53.2,9.8,3.2,123,3,4,3,Medium
E0840,HR,Senior,0.8,44.6,4.5,2.1,58,0,3,4,Low
E0841,IT,Junior,2.5,47.7,7.9,1.7,72,2,4,3,Medium
E0842,Operations,Senior,3.6,49.4,8.8,1.6,175,2,3,2,Medium
E0843,HR,Junior,4.2,45.3,4.2,1.9,94,1,3,5,Low
E0844,Sales,Manager,5.8,40.4,2.6,3.8,121,2,3,3,Low
E0845,IT,Junior,4.5,53.0,15.5,1.3,188,3,4,3,High
E0846,Operations,Senior,11.7,45.6,8.4,2.5,116,2,3,2,Medium
E0847,Sales,Mid,3.5,49.3,10.3,2.7,165,4,5,2,High
E0848,Finance,Senior,4.7,43.0,3.0,2.0,110,2,3,4,Low
E0849,IT,Mid,4.4,44.2,7.1,2.0,124,0,3,4,Low
E0850,Marketing,Senior,0.7,39.9,5.3,1.7,205,0,3,3,Medium
E0851,IT,Mid,1.3,52.2,14.9,4.0,133,3,5,3,High
E0852,IT,Lead,3.9,46.8,9.7,3.8,192,3,5,3,High
E0853,Operations,Mid,5.1,42.4,10.5,2.3,62,1,3,3,Low
E0854,Marketing,Senior,0.4,45.5,5.4,3.4,127,2,3,3,Medium
E0855,IT,Lead,12.0,50.8,10.2,1.4,238,3,5,3,High
E0856,HR,Manager,5.4,53.2,7.5,1.3,340,6,3,2,High
E0857,Operations,Junior,3.7,47.8,11.6,1.4,72,2,4,5,Low
E0858,Operations,Mid,5.3,37.9,0.0,1.0,80,3,2,4,Low
E0859,Sales,Mid,2.4,38.4,2.7,2.4,61,3,3,4,Low
E0860,HR,Mid,4.3,40.1,0.0,2.3,92,1,3,4,Low
E0861,Operations,Senior,4.8,43.9,4.6,3.2,173,2,5,5,Medium
E0862,Operations,Manager,8.6,43.9,8.3,2.4,211,5,3,2,Medium
E0863,Operations,Manager,3.3,43.1,5.0,3.6,209,1,5,4,Medium
E0864,Finance,Mid,1.0,36.9,4.1,2.1,49,1,1,4,Low
E0865,IT,Senior,1.8,44.2,2.4,2.8,109,0,4,3,Low
E0866,Marketing,Lead,3.1,41.6,5.4,2.6,86,0,2,3,Low
E0867,Operations,Manager,1.1,52.8,16.3,4.4,135,3,5,2,High
E0868,Operations,Junior,1.6,41.9,8.1,1.6,98,4,3,3,Low
E0869,IT,Mid,1.8,45.7,9.7,3.5,59,1,5,4,Medium
E0870,IT,Lead,2.9,45.2,8.0,2.4,220,3,5,4,Medium
E0871,Operations,Mid,5.4,40.6,1.4,2.7,66,2,2,4,Low
E0872,IT,Mid,2.8,44.5,4.4,2.1,84,2,3,3,Medium
E0873,Marketing,Manager,5.6,52.3,10.3,3.0,254,2,4,2,High
E0874,Sales,Manager,3.7,54.4,15.5,4.3,79,3,5,2,High
E0875,Operations,Lead,1.6,53.9,14.1,2.8,162,4,5,2,High
E0876,Operations,Lead,4.9,54.5,13.0,0.9,212,6,4,2,High
E0877,Sales,Mid,4.3,45.3,5.0,0.1,222,0,3,4,Low
E0878,Sales,Mid,5.7,46.0,8.1,3.6,145,6,4,4,High
E0879,Finance,Senior,6.6,48.4,7.2,3.5,168,4,4,3,Medium
E0880,Finance,Senior,8.8,49.0,7.7,4.0,198,0,4,2,High
E0881,Sales,Mid,5.5,54.6,16.1,2.5,145,2,4,3,High
E0882,Finance,Senior,4.2,36.4,1.5,1.5,61,3,2,5,Low
E0883,Marketing,Mid,5.8,41.6,5.6,1.8,236,5,5,3,High
E0884,HR,Senior,2.6,47.5,10.8,2.5,175,1,4,3,Medium
E0885,IT,Mid,2.4,44.4,3.1,1.3,110,2,3,4,Low
E0886,Sales,Mid,9.6,43.9,5.4,3.9,57,1,3,4,Medium
E0887,Sales,Junior,2.4,46.9,4.9,3.9,33,1,4,3,Low
E0888,IT,Junior,1.8,49.3,7.1,2.1,140,2,3,4,Low
E0889,IT,Lead,5.5,47.7,5.6,3.0,34,1,3,4,Low
E0890,Finance,Mid,2.6,50.8,9.4,1.1,132,5,4,4,Medium
E0891,Sales,Junior,6.6,44.3,9.7,3.4,96,0,3,3,Medium
E0892,Marketing,Senior,8.3,49.1,10.0,2.6,105,2,5,3,High
E0893,IT,Senior,2.1,43.4,7.0,2.3,210,3,5,3,Medium
E0894,IT,Junior,6.0,41.4,8.3,2.1,95,1,3,3,Low
E0895,Operations,Mid,2.3,41.8,3.9,1.6,117,1,2,4,Low
E0896,Operations,Junior,3.1,47.7,5.2,1.8,77,0,3,4,Low
E0897,Sales,Senior,4.7,55.7,18.1,1.8,166,1,4,2,High
E0898,IT,Mid,2.4,53.3,9.4,3.0,139,0,5,4,Medium
E0899,IT,Junior,4.4,42.7,3.2,1.6,112,1,3,5,Low
E0900,HR,Junior,3.3,50.3,4.2,2.6,185,8,4,3,High
E0901,HR,Senior,6.7,40.5,0.6,2.3,36,1,2,4,Low
E0902,IT,Junior,6.7,42.2,3.2,1.6,34,0,2,4,Low
E0903,IT,Lead,2.4,42.1,7.8,2.0,64,1,4,3,Low
E0904,HR,Junior,4.8,44.2,1.7,2.3,113,1,3,3,Low
E0905,Marketing,Senior,7.4,47.6,11.7,1.8,160,3,4,3,Medium
E0906,Finance,Mid,1.6,45.2,9.3,1.7,45,1,4,4,Low
E0907,HR,Mid,3.3,48.8,6.6,2.1,157,2,3,3,Medium
E0908,IT,Junior,4.6,45.9,3.6,1.8,257,1,3,3,Medium
E0909,IT,Lead,1.5,50.9,9.8,1.6,107,4,3,3,Medium
E0910,Sales,Lead,2.7,48.3,12.1,3.3,263,4,5,3,High
E0911,Operations,Junior,10.9,42.6,4.0,2.3,138,0,3,4,Low
E0912,Operations,Junior,2.4,43.7,5.4,1.4,225,2,4,2,High
E0913,Marketing,Lead,2.6,51.1,11.3,2.8,222,6,5,2,High
E0914,Marketing,Senior,5.5,49.6,6.6,2.6,106,0,3,5,Low
E0915,Marketing,Junior,1.3,45.9,6.4,1.6,176,2,2,3,Low
E0916,Marketing,Junior,3.4,55.2,11.9,0.9,112,2,5,3,Medium
E0917,IT,Senior,1.8,50.2,9.8,2.5,273,3,5,3,Medium
E0918,IT,Senior,4.4,51.3,15.2,3.3,134,3,5,1,High
E0919,Sales,Senior,0.1,51.6,11.7,2.1,166,2,4,3,Medium
E0920,Finance,Manager,3.9,48.8,5.1,3.0,284,2,3,3,Medium
E0921,IT,Mid,4.7,49.3,4.6,1.0,153,2,3,3,Low
E0922,Operations,Mid,2.7,46.5,4.2,2.9,93,1,4,3,Low
E0923,Finance,Mid,2.9,42.5,3.6,2.0,52,3,3,4,Low
E0924,HR,Mid,2.5,42.2,4.1,1.4,46,1,2,4,Low
E0925,IT,Junior,3.3,49.8,10.5,1.8,170,5,3,2,Medium
E0926,IT,Junior,9.7,55.2,13.0,0.7,130,4,4,2,Medium
E0927,IT,Mid,6.8,49.2,10.2,1.3,69,1,3,3,Low
E0928,Operations,Senior,3.3,46.8,7.2,1.3,174,2,5,4,Medium
E0929,Finance,Junior,2.7,39.7,0.0,0.8,150,2,2,3,Low
E0930,Operations,Mid,6.4,44.9,7.8,3.2,119,2,3,2,Medium
E0931,Sales,Senior,4.2,46.9,9.6,2.4,247,2,4,3,Medium
E0932,Sales,Senior,1.5,48.3,10.2,3.3,52,3,4,3,Medium
E0933,Sales,Senior,3.0,59.3,17.9,2.3,131,3,4,2,High
E0934,Operations,Lead,9.0,51.5,15.5,3.6,195,1,5,2,High
E0935,Operations,Senior,5.3,49.6,12.1,1.7,78,2,5,3,Medium
E0936,IT,Junior,2.7,40.3,4.2,1.7,172,1,3,3,Low
E0937,Marketing,Mid,0.9,45.3,4.4,2.1,199,2,3,4,Low
E0938,IT,Senior,4.4,51.9,10.1,4.4,39,2,4,3,Medium
E0939,Marketing,Mid,3.7,47.2,3.4,2.6,233,0,3,3,Low
E0940,IT,Junior,3.3,48.3,10.0,1.2,165,1,4,2,Medium
E0941,Sales,Junior,6.4,48.1,8.4,2.7,99,5,4,4,Medium
E0942,Operations,Mid,5.4,41.6,3.1,3.8,44,0,3,4,Low
E0943,IT,Mid,1.0,52.4,13.8,0.8,201,1,5,3,High
E0944,Sales,Junior,3.8,46.5,7.4,1.5,68,2,4,4,Low
E0945,Sales,Lead,1.2,43.0,4.1,3.3,144,1,3,4,Low
E0946,IT,Manager,2.5,50.4,12.8,3.0,97,4,3,3,Medium
E0947,Operations,Junior,1.1,47.1,7.6,1.4,131,2,3,4,Low
E0948,Operations,Manager,1.2,51.2,15.4,2.3,231,2,5,2,High
E0949,Operations,Junior,4.8,43.0,5.2,2.8,86,3,4,3,Medium
E0950,Sales,Manager,4.4,57.2,15.3,2.6,273,2,5,2,High
E0951,HR,Manager,3.5,55.2,9.2,3.1,171,3,4,3,High
E0952,IT,Junior,2.3,38.1,2.7,2.5,59,2,3,5,Low
E0953,IT,Senior,1.1,39.7,4.8,2.5,52,1,2,4,Low
E0954,IT,Manager,2.5,51.0,17.5,2.5,124,1,5,2,High
E0955,Marketing,Lead,4.4,50.9,14.3,1.9,140,5,4,2,High
E0956,Operations,Manager,4.4,52.7,12.8,3.1,273,1,5,2,High
E0957,Operations,Senior,8.9,53.6,15.0,1.9,291,4,5,2,High
E0958,HR,Junior,8.0,46.3,7.7,1.9,97,0,3,4,Low
E0959,HR,Lead,3.7,49.5,10.2,1.9,99,3,4,3,Medium
E0960,HR,Senior,2.5,39.4,2.4,3.2,161,4,3,3,Medium
E0961,HR,Senior,1.9,49.3,12.9,2.6,193,2,5,1,High
E0962,Sales,Mid,0.9,47.7,10.1,2.7,234,3,4,2,High
E0963,IT,Senior,1.3,42.1,9.0,3.7,232,2,5,3,High
E0964,IT,Junior,4.4,40.4,5.3,1.3,75,1,3,4,Low
E0965,Marketing,Senior,5.6,43.5,9.0,1.9,59,2,3,4,Low
E0966,HR,Junior,2.9,41.8,0.0,1.3,141,4,3,4,Low
E0967,Marketing,Senior,15.2,49.1,10.8,2.3,149,1,5,4,Medium
E0968,IT,Lead,1.4,48.1,8.2,2.9,42,3,3,4,Low
E0969,Finance,Mid,0.8,41.0,8.5,1.4,52,1,3,4,Low
E0970,IT,Mid,15.0,40.7,6.9,0.5,154,2,3,3,Low
E0971,IT,Mid,1.0,48.0,7.9,1.7,117,7,3,3,Medium
E0972,IT,Manager,2.9,39.4,10.0,3.6,168,3,5,4,High
E0973,IT,Senior,2.0,51.3,9.9,2.6,66,5,4,3,Medium
E0974,Marketing,Mid,4.7,45.6,14.1,3.1,184,0,5,3,High
E0975,Sales,Junior,2.7,52.3,12.5,3.7,167,2,5,2,High
E0976,Finance,Junior,5.6,42.9,7.4,2.3,171,4,3,4,Medium
E0977,HR,Mid,6.5,46.3,4.4,3.2,87,2,3,3,Low
E0978,Sales,Manager,0.9,61.8,15.4,4.4,119,2,5,1,High
E0979,HR,Senior,1.8,41.3,10.5,3.9,72,1,5,3,Medium
E0980,IT,Junior,6.0,45.4,4.7,3.2,99,2,4,2,Low
E0981,Marketing,Lead,7.4,41.6,9.2,3.8,195,5,5,2,High
E0982,Operations,Mid,4.1,40.9,0.2,2.7,211,0,4,5,Low
E0983,Operations,Lead,4.9,51.2,15.0,2.8,95,1,4,3,Medium
E0984,HR,Mid,9.2,50.4,12.8,2.1,153,5,4,2,High
E0985,IT,Senior,2.7,45.6,10.8,2.2,263,5,5,2,High
E0986,Marketing,Manager,4.1,43.5,2.0,3.8,258,2,4,3,Medium
E0987,Sales,Mid,8.0,43.7,10.4,2.0,111,2,5,4,Low
E0988,IT,Senior,8.4,48.9,6.9,2.3,211,2,3,3,Medium
E0989,Sales,Manager,3.4,45.9,9.3,1.9,204,2,4,3,Medium
E0990,Operations,Junior,1.9,42.7,9.0,3.1,197,1,5,2,High
E0991,Finance,Junior,3.3,50.0,7.0,1.5,50,3,3,5,Low
E0992,Operations,Senior,3.6,45.0,7.0,2.9,88,2,3,4,Low
E0993,Operations,Mid,1.8,49.2,4.9,3.3,107,1,3,4,Low
E0994,IT,Junior,2.1,50.1,8.5,1.9,113,1,4,3,Medium
E0995,Marketing,Mid,8.4,41.1,4.9,3.3,110,3,3,3,Low
E0996,Sales,Senior,5.1,43.4,5.1,2.0,287,5,3,2,Medium
E0997,Finance,Mid,2.9,44.5,5.7,4.0,103,6,4,3,Medium
E0998,IT,Mid,1.4,52.6,10.4,3.0,163,3,5,4,Medium
E0999,Marketing,Lead,2.1,48.0,8.8,3.2,148,2,5,3,Medium
E1000,Sales,Mid,0.7,41.9,2.3,3.7,101,1,4,3,Medium
